country,gdp,population
Aruba,3324034443.27 ,107310 
Afghanistan,14497243872.13 ,40578842 
Angola,131212208930.34 ,35635029 
Albania,19017247013.88 ,2451636 
Andorra,3380611694.73 ,79705 
United Arab Emirates,511403403675.97 ,10074977 
Argentina,633993756301.08 ,45407904 
Armenia,19513506553.13 ,2969200 
American Samoa,871000000.00 ,48342 
Antigua and Barbuda,1866566666.67 ,92840 
Australia,1695627535475.80 ,26018721 
Austria,473221298968.22 ,9041851 
Azerbaijan,78807470588.24 ,10141756 
Burundi,4036192552.89 ,13321097 
Belgium,591085783326.27 ,11680210 
Benin,17425405090.86 ,13759501 
Burkina Faso,18622421394.61 ,22509038 
Bangladesh,460131689083.08 ,169384897 
Bulgaria,90506153293.67 ,6465097 
Bahrain,46458191489.36 ,1524693 
"Bahamas, The",13896800000.00 ,397538 
Bosnia and Herzegovina,24534663636.18 ,3204802 
Belarus,73775179924.60 ,9228071 
Belize,2846604350.00 ,402733 
Bermuda,7874381000.00 ,64749 
Bolivia,50959081953.69 ,12077154 
Brazil,1951923832083.87 ,210306415 
Barbados,6884900000.00 ,282318 
Brunei Darussalam,16681536466.72 ,455370 
Bhutan,2898227743.76 ,780914 
Botswana,20321150599.15 ,2439892 
Central African Republic,2382618615.02 ,5098039 
Canada,2190411080134.32 ,38935934 
Switzerland,828508926958.39 ,8777088 
Channel Islands,11308272505.18 ,167215 
Chile,301226575540.24 ,19553036 
China,18316765021690.20 ,1412175000 
Cote d'Ivoire,70922824813.91 ,30395002 
Cameroon,44347206072.55 ,27632771 
"Congo, Dem. Rep.",70422346142.20 ,102396968 
"Congo, Rep.",15817030154.69 ,6035104 
Colombia,345632492851.45 ,51737944 
Comoros,1222485532.32 ,834188 
Cabo Verde,2247003344.34 ,519741 
Costa Rica,69243626028.59 ,5081765 
Cuba,,11059820 
Curacao,3075180834.72 ,153321 
Cayman Islands,6660161212.02 ,71591 
Cyprus,31218038929.09 ,1331370 
Czechia,301831228325.56 ,10672118 
Germany,4201021706478.62 ,83177813 
Djibouti,3562814908.76 ,1137096 
Dominica,623062962.96 ,66826 
Denmark,400114306337.08 ,5903037 
Dominican Republic,113478087134.80 ,11230734 
Algeria,225581644702.57 ,45477389 
Ecuador,116133121000.00 ,17823897 
"Egypt, Arab Rep.",476747720364.74 ,112618250 
Eritrea,,3409447 
Spain,1448850658406.62 ,47786102 
Estonia,38226641740.29 ,1348840 
Ethiopia,123140304666.00 ,125384287 
Finland,280253099309.34 ,5556106 
Fiji,4977861885.60 ,919422 
France,2794788137066.94 ,68184457 
Faroe Islands,3615241800.50 ,53912 
"Micronesia, Fed. Sts.",415956900.00 ,112114 
Gabon,20440655695.18 ,2430747 
United Kingdom,3181244350465.41 ,67604000 
Georgia,24984568959.61 ,3712502 
Ghana,73919003209.99 ,33149152 
Gibraltar,,37609 
Guinea,19910452541.92 ,14055137 
"Gambia, The",2204734527.88 ,2636470 
Guinea-Bissau,1859601384.06 ,2105529 
Equatorial Guinea,13687643435.62 ,1803545 
Greece,217990189600.69 ,10436882 
Grenada,1224007407.41 ,116913 
Greenland,3152334771.78 ,56661 
Guatemala,95641446500.65 ,17847877 
Guam,6910000000.00 ,165180 
Guyana,14718388489.21 ,821637 
"Hong Kong SAR, China",358679533984.72 ,7346100 
Honduras,31426041806.80 ,10463872 
Croatia,71196498671.11 ,3855641 
Haiti,20253551920.55 ,11503606 
Hungary,177002580544.16 ,9605074 
Indonesia,1319101183380.15 ,278830529 
Isle of Man,7431257410.93 ,84132 
India,3346107287730.93 ,1425423212 
Ireland,548341794599.09 ,5212836 
"Iran, Islamic Rep.",422662261525.67 ,89524246 
Iraq,287372232137.93 ,44070551 
Iceland,29166102877.28 ,382003 
Israel,525181008025.57 ,9557500 
Italy,2104067630319.46 ,59013667 
Jamaica,18813516805.21 ,2839144 
Jordan,48764963380.28 ,11256263 
Japan,4262463317796.53 ,125124989 
Kazakhstan,225496328925.49 ,20034609 
Kenya,114448978152.64 ,54252461 
Kyrgyz Republic,12134931017.95 ,6975220 
Cambodia,39994532959.61 ,17201724 
Kiribati,270040453.25 ,130469 
St. Kitts and Nevis,981429629.63 ,46709 
"Korea, Rep.",1799363116866.52 ,51672569 
Kuwait,183502046693.88 ,4589643 
Lao PDR,15468785203.75 ,7559007 
Lebanon,20992421948.81 ,5744489 
Liberia,4001047000.00 ,5373294 
Libya,43246297921.85 ,7223805 
St. Lucia,2342714814.81 ,178781 
Liechtenstein,7426856242.77 ,39493 
Sri Lanka,74143020262.81 ,22181000 
Lesotho,2354980960.03 ,2286110 
Lithuania,71033884499.78 ,2831639 
Luxembourg,80801680397.01 ,653103 
Latvia,38003198508.91 ,1879383 
"Macao SAR, China",24929307447.32 ,677300 
St. Martin (French part),,28870 
Morocco,131245312804.48 ,37329064 
Monaco,8800430486.17 ,38931 
Moldova,14525337523.73 ,2528654 
Madagascar,15325603272.61 ,30437261 
Maldives,6177123352.26 ,524106 
Mexico,1466934724293.06 ,128613117 
Marshall Islands,258723510.74 ,40077 
North Macedonia,13932436550.09 ,1831712 
Mali,22539987718.76 ,23072640 
Malta,18928276162.41 ,531113 
Myanmar,62253049903.28 ,53756787 
Montenegro,6251215144.13 ,623591 
Mongolia,17146471713.75 ,3433748 
Northern Mariana Islands,1096000000.00 ,46078 
Mozambique,18883528581.37 ,32656246 
Mauritania,9557966698.25 ,4875637 
Mauritius,12936444123.30 ,1262523 
Malawi,12429059928.10 ,20568728 
Malaysia,407830525989.55 ,34695493 
Namibia,12569449123.37 ,2889662 
New Caledonia,9623318718.31 ,287123 
Niger,15433852712.30 ,25311973 
Nigeria,646950257577.81 ,223150896 
Nicaragua,15634572502.23 ,6730654 
Netherlands,1046540797548.64 ,17700982 
Norway,596297651035.80 ,5457127 
Nepal,41182939600.62 ,29715436 
Nauru,152373433.91 ,11801 
New Zealand,249509991440.44 ,5081700 
Oman,109852795838.75 ,4730226 
Pakistan,374890295666.69 ,243700667 
Panama,76479304470.94 ,4400773 
Peru,246065570308.16 ,33475438 
Philippines,404353369604.63 ,113964338 
Palau,243826812.74 ,17759 
Papua New Guinea,31653185952.61 ,10203169 
Poland,695607470875.28 ,36821749 
Puerto Rico (US),113843700000.00 ,3220137 
"Korea, Dem. People's Rep.",,26328845 
Portugal,256898677175.02 ,10434332 
Paraguay,41952910858.08 ,6760464 
West Bank and Gaza,19165500000.00 ,5043612 
French Polynesia,5622688338.06 ,280378 
Qatar,235709340659.34 ,2657333 
Romania,295319437556.99 ,19048502 
Russian Federation,2291612121334.64 ,144236933 
Rwanda,13316161002.39 ,13651030 
Saudi Arabia,1239075200000.00 ,32175224 
Sudan,51666875363.10 ,49383346 
Senegal,27783332222.68 ,17651103 
Singapore,509017841146.56 ,5637022 
Solomon Islands,1466670929.62 ,781066 
Sierra Leone,7121125277.53 ,8276807 
El Salvador,31870120000.00 ,6280319 
San Marino,1829211863.95 ,33755 
"Somalia, Fed. Rep.",10203000000.00 ,17801897 
Serbia,66809895701.22 ,6664449 
South Sudan,,11021177 
Sao Tome and Principe,540809499.19 ,226305 
Suriname,3791603200.03 ,623164 
Slovak Republic,115792972358.21 ,5431752 
Slovenia,59899117741.00 ,2112076 
Sweden,575071237640.92 ,10486941 
Eswatini,4746660273.51 ,1218917 
Sint Maarten (Dutch part),1592564639.33 ,42139 
Seychelles,2018346588.74 ,119878 
Syrian Arab Republic,23622827079.50 ,22462173 
Turks and Caicos Islands,1434119000.00 ,45847 
Chad,17828508289.60 ,18455316 
Togo,8646453099.41 ,9089738 
Thailand,495644697587.66 ,71735329 
Tajikistan,10713525200.40 ,10182222 
Turkmenistan,42208726137.72 ,7230193 
Timor-Leste,3208599889.01 ,1369295 
Tonga,556514555.40 ,105042 
Trinidad and Tobago,28341164301.13 ,1365805 
Tunisia,44929920092.80 ,12119334 
Turkiye,926097476913.82 ,84979913 
Tuvalu,59065982.09 ,9992 
Tanzania,75749121842.91 ,64711821 
Uganda,45565333210.91 ,47312719 
Ukraine,161989520721.19 ,41048766 
Uruguay,70594110920.04 ,3390913 
United States,25604848907611.00 ,334017321 
Uzbekistan,90095926567.44 ,34938955 
St. Vincent and the Grenadines,989188888.89 ,102046 
"Venezuela, RB",89013255584.75 ,28213017 
British Virgin Islands,,38319 
Virgin Islands (U.S.),4672000000.00 ,105413 
Viet Nam,413445230668.58 ,99680655 
Vanuatu,1055031360.57 ,313046 
Samoa,889554711.84 ,215261 
Kosovo,9354907646.30 ,1768096 
"Yemen, Rep.",,38222876 
South Africa,407596043067.89 ,62378410 
Zambia,29163782140.49 ,20152938 
Zimbabwe,40757561708.77 ,16069056